{
  "Fator NT": [
    {
      "Data": "01\/01\/2000",
      "Fator NT": 4.16388304
    },
    {
      "Data": "02\/01\/2000",
      "Fator NT": 4.16388304
    },
    {
      "Data": "03\/01\/2000",
      "Fator NT": 4.16388304
    },
    {
      "Data": "04\/01\/2000",
      "Fator NT": 4.16388304
    },
    {
      "Data": "05\/01\/2000",
      "Fator NT": 4.16388304
    },
    {
      "Data": "06\/01\/2000",
      "Fator NT": 4.16388304
    },
    {
      "Data": "07\/01\/2000",
      "Fator NT": 4.16388304
    },
    {
      "Data": "08\/01\/2000",
      "Fator NT": 4.16388304
    },
    {
      "Data": "09\/01\/2000",
      "Fator NT": 4.16388304
    },
    {
      "Data": "10\/01\/2000",
      "Fator NT": 4.16388304
    },
    {
      "Data": "11\/01\/2000",
      "Fator NT": 4.16388304
    },
    {
      "Data": "12\/01\/2000",
      "Fator NT": 4.16388304
    },
    {
      "Data": "01\/01\/2001",
      "Fator NT": 3.92695909
    },
    {
      "Data": "02\/01\/2001",
      "Fator NT": 3.92695909
    },
    {
      "Data": "03\/01\/2001",
      "Fator NT": 3.92695909
    },
    {
      "Data": "04\/01\/2001",
      "Fator NT": 3.92695909
    },
    {
      "Data": "05\/01\/2001",
      "Fator NT": 3.92695909
    },
    {
      "Data": "06\/01\/2001",
      "Fator NT": 3.92695909
    },
    {
      "Data": "07\/01\/2001",
      "Fator NT": 3.92695909
    },
    {
      "Data": "08\/01\/2001",
      "Fator NT": 3.92695909
    },
    {
      "Data": "09\/01\/2001",
      "Fator NT": 3.92695909
    },
    {
      "Data": "10\/01\/2001",
      "Fator NT": 3.92695909
    },
    {
      "Data": "11\/01\/2001",
      "Fator NT": 3.92695909
    },
    {
      "Data": "12\/01\/2001",
      "Fator NT": 3.92695909
    },
    {
      "Data": "01\/01\/2002",
      "Fator NT": 3.65275181
    },
    {
      "Data": "02\/01\/2002",
      "Fator NT": 3.65275181
    },
    {
      "Data": "03\/01\/2002",
      "Fator NT": 3.65275181
    },
    {
      "Data": "04\/01\/2002",
      "Fator NT": 3.65275181
    },
    {
      "Data": "05\/01\/2002",
      "Fator NT": 3.65275181
    },
    {
      "Data": "06\/01\/2002",
      "Fator NT": 3.65275181
    },
    {
      "Data": "07\/01\/2002",
      "Fator NT": 3.65275181
    },
    {
      "Data": "08\/01\/2002",
      "Fator NT": 3.65275181
    },
    {
      "Data": "09\/01\/2002",
      "Fator NT": 3.65275181
    },
    {
      "Data": "10\/01\/2002",
      "Fator NT": 3.65275181
    },
    {
      "Data": "11\/01\/2002",
      "Fator NT": 3.65275181
    },
    {
      "Data": "12\/01\/2002",
      "Fator NT": 3.65275181
    },
    {
      "Data": "01\/01\/2003",
      "Fator NT": 3.26176969
    },
    {
      "Data": "02\/01\/2003",
      "Fator NT": 3.26176969
    },
    {
      "Data": "03\/01\/2003",
      "Fator NT": 3.26176969
    },
    {
      "Data": "04\/01\/2003",
      "Fator NT": 3.26176969
    },
    {
      "Data": "05\/01\/2003",
      "Fator NT": 3.26176969
    },
    {
      "Data": "06\/01\/2003",
      "Fator NT": 3.26176969
    },
    {
      "Data": "07\/01\/2003",
      "Fator NT": 3.26176969
    },
    {
      "Data": "08\/01\/2003",
      "Fator NT": 3.26176969
    },
    {
      "Data": "09\/01\/2003",
      "Fator NT": 3.26176969
    },
    {
      "Data": "10\/01\/2003",
      "Fator NT": 3.26176969
    },
    {
      "Data": "11\/01\/2003",
      "Fator NT": 3.26176969
    },
    {
      "Data": "12\/01\/2003",
      "Fator NT": 3.26176969
    },
    {
      "Data": "01\/01\/2004",
      "Fator NT": 2.96890106
    },
    {
      "Data": "02\/01\/2004",
      "Fator NT": 2.96890106
    },
    {
      "Data": "03\/01\/2004",
      "Fator NT": 2.96890106
    },
    {
      "Data": "04\/01\/2004",
      "Fator NT": 2.96890106
    },
    {
      "Data": "05\/01\/2004",
      "Fator NT": 2.96890106
    },
    {
      "Data": "06\/01\/2004",
      "Fator NT": 2.96890106
    },
    {
      "Data": "07\/01\/2004",
      "Fator NT": 2.96890106
    },
    {
      "Data": "08\/01\/2004",
      "Fator NT": 2.96890106
    },
    {
      "Data": "09\/01\/2004",
      "Fator NT": 2.96890106
    },
    {
      "Data": "10\/01\/2004",
      "Fator NT": 2.96890106
    },
    {
      "Data": "11\/01\/2004",
      "Fator NT": 2.96890106
    },
    {
      "Data": "12\/01\/2004",
      "Fator NT": 2.96890106
    },
    {
      "Data": "01\/01\/2005",
      "Fator NT": 2.76078755
    },
    {
      "Data": "02\/01\/2005",
      "Fator NT": 2.76078755
    },
    {
      "Data": "03\/01\/2005",
      "Fator NT": 2.76078755
    },
    {
      "Data": "04\/01\/2005",
      "Fator NT": 2.76078755
    },
    {
      "Data": "05\/01\/2005",
      "Fator NT": 2.76078755
    },
    {
      "Data": "06\/01\/2005",
      "Fator NT": 2.76078755
    },
    {
      "Data": "07\/01\/2005",
      "Fator NT": 2.76078755
    },
    {
      "Data": "08\/01\/2005",
      "Fator NT": 2.76078755
    },
    {
      "Data": "09\/01\/2005",
      "Fator NT": 2.76078755
    },
    {
      "Data": "10\/01\/2005",
      "Fator NT": 2.76078755
    },
    {
      "Data": "11\/01\/2005",
      "Fator NT": 2.76078755
    },
    {
      "Data": "12\/01\/2005",
      "Fator NT": 2.76078755
    },
    {
      "Data": "01\/01\/2006",
      "Fator NT": 2.60757294
    },
    {
      "Data": "02\/01\/2006",
      "Fator NT": 2.60757294
    },
    {
      "Data": "03\/01\/2006",
      "Fator NT": 2.60757294
    },
    {
      "Data": "04\/01\/2006",
      "Fator NT": 2.60757294
    },
    {
      "Data": "05\/01\/2006",
      "Fator NT": 2.60757294
    },
    {
      "Data": "06\/01\/2006",
      "Fator NT": 2.60757294
    },
    {
      "Data": "07\/01\/2006",
      "Fator NT": 2.60757294
    },
    {
      "Data": "08\/01\/2006",
      "Fator NT": 2.60757294
    },
    {
      "Data": "09\/01\/2006",
      "Fator NT": 2.60757294
    },
    {
      "Data": "10\/01\/2006",
      "Fator NT": 2.60757294
    },
    {
      "Data": "11\/01\/2006",
      "Fator NT": 2.60757294
    },
    {
      "Data": "12\/01\/2006",
      "Fator NT": 2.60757294
    },
    {
      "Data": "01\/01\/2007",
      "Fator NT": 2.53260243
    },
    {
      "Data": "02\/01\/2007",
      "Fator NT": 2.53260243
    },
    {
      "Data": "03\/01\/2007",
      "Fator NT": 2.53260243
    },
    {
      "Data": "04\/01\/2007",
      "Fator NT": 2.53260243
    },
    {
      "Data": "05\/01\/2007",
      "Fator NT": 2.53260243
    },
    {
      "Data": "06\/01\/2007",
      "Fator NT": 2.53260243
    },
    {
      "Data": "07\/01\/2007",
      "Fator NT": 2.53260243
    },
    {
      "Data": "08\/01\/2007",
      "Fator NT": 2.53260243
    },
    {
      "Data": "09\/01\/2007",
      "Fator NT": 2.53260243
    },
    {
      "Data": "10\/01\/2007",
      "Fator NT": 2.53260243
    },
    {
      "Data": "11\/01\/2007",
      "Fator NT": 2.53260243
    },
    {
      "Data": "12\/01\/2007",
      "Fator NT": 2.53260243
    },
    {
      "Data": "01\/01\/2008",
      "Fator NT": 2.42676522
    },
    {
      "Data": "02\/01\/2008",
      "Fator NT": 2.42676522
    },
    {
      "Data": "03\/01\/2008",
      "Fator NT": 2.42676522
    },
    {
      "Data": "04\/01\/2008",
      "Fator NT": 2.42676522
    },
    {
      "Data": "05\/01\/2008",
      "Fator NT": 2.42676522
    },
    {
      "Data": "06\/01\/2008",
      "Fator NT": 2.42676522
    },
    {
      "Data": "07\/01\/2008",
      "Fator NT": 2.42676522
    },
    {
      "Data": "08\/01\/2008",
      "Fator NT": 2.42676522
    },
    {
      "Data": "09\/01\/2008",
      "Fator NT": 2.42676522
    },
    {
      "Data": "10\/01\/2008",
      "Fator NT": 2.42676522
    },
    {
      "Data": "11\/01\/2008",
      "Fator NT": 2.42676522
    },
    {
      "Data": "12\/01\/2008",
      "Fator NT": 2.42676522
    },
    {
      "Data": "01\/01\/2009",
      "Fator NT": 2.28721244
    },
    {
      "Data": "02\/01\/2009",
      "Fator NT": 2.28721244
    },
    {
      "Data": "03\/01\/2009",
      "Fator NT": 2.28721244
    },
    {
      "Data": "04\/01\/2009",
      "Fator NT": 2.28721244
    },
    {
      "Data": "05\/01\/2009",
      "Fator NT": 2.28721244
    },
    {
      "Data": "06\/01\/2009",
      "Fator NT": 2.28721244
    },
    {
      "Data": "07\/01\/2009",
      "Fator NT": 2.28721244
    },
    {
      "Data": "08\/01\/2009",
      "Fator NT": 2.28721244
    },
    {
      "Data": "09\/01\/2009",
      "Fator NT": 2.28721244
    },
    {
      "Data": "10\/01\/2009",
      "Fator NT": 2.28721244
    },
    {
      "Data": "11\/01\/2009",
      "Fator NT": 2.28721244
    },
    {
      "Data": "12\/01\/2009",
      "Fator NT": 2.28721244
    },
    {
      "Data": "01\/01\/2010",
      "Fator NT": 2.28078525
    },
    {
      "Data": "02\/01\/2010",
      "Fator NT": 2.26898652
    },
    {
      "Data": "03\/01\/2010",
      "Fator NT": 2.24785667
    },
    {
      "Data": "04\/01\/2010",
      "Fator NT": 2.23556108
    },
    {
      "Data": "05\/01\/2010",
      "Fator NT": 2.22488165
    },
    {
      "Data": "06\/01\/2010",
      "Fator NT": 2.21095265
    },
    {
      "Data": "07\/01\/2010",
      "Fator NT": 2.2067598
    },
    {
      "Data": "08\/01\/2010",
      "Fator NT": 2.20874768
    },
    {
      "Data": "09\/01\/2010",
      "Fator NT": 2.2098526
    },
    {
      "Data": "10\/01\/2010",
      "Fator NT": 2.20302323
    },
    {
      "Data": "11\/01\/2010",
      "Fator NT": 2.18944865
    },
    {
      "Data": "12\/01\/2010",
      "Fator NT": 2.17077994
    },
    {
      "Data": "01\/01\/2011",
      "Fator NT": 2.1559042
    },
    {
      "Data": "02\/01\/2011",
      "Fator NT": 2.13964292
    },
    {
      "Data": "03\/01\/2011",
      "Fator NT": 2.11908776
    },
    {
      "Data": "04\/01\/2011",
      "Fator NT": 2.10644907
    },
    {
      "Data": "05\/01\/2011",
      "Fator NT": 2.09035335
    },
    {
      "Data": "06\/01\/2011",
      "Fator NT": 2.07582259
    },
    {
      "Data": "07\/01\/2011",
      "Fator NT": 2.07105916
    },
    {
      "Data": "08\/01\/2011",
      "Fator NT": 2.06899016
    },
    {
      "Data": "09\/01\/2011",
      "Fator NT": 2.06341893
    },
    {
      "Data": "10\/01\/2011",
      "Fator NT": 2.05254047
    },
    {
      "Data": "11\/01\/2011",
      "Fator NT": 2.04395585
    },
    {
      "Data": "12\/01\/2011",
      "Fator NT": 2.03459671
    },
    {
      "Data": "01\/01\/2012",
      "Fator NT": 2.02326642
    },
    {
      "Data": "02\/01\/2012",
      "Fator NT": 2.01020012
    },
    {
      "Data": "03\/01\/2012",
      "Fator NT": 1.99960223
    },
    {
      "Data": "04\/01\/2012",
      "Fator NT": 1.99461569
    },
    {
      "Data": "05\/01\/2012",
      "Fator NT": 1.98607556
    },
    {
      "Data": "06\/01\/2012",
      "Fator NT": 1.97599797
    },
    {
      "Data": "07\/01\/2012",
      "Fator NT": 1.97244757
    },
    {
      "Data": "08\/01\/2012",
      "Fator NT": 1.9659599
    },
    {
      "Data": "09\/01\/2012",
      "Fator NT": 1.95832244
    },
    {
      "Data": "10\/01\/2012",
      "Fator NT": 1.9489674
    },
    {
      "Data": "11\/01\/2012",
      "Fator NT": 1.93638092
    },
    {
      "Data": "12\/01\/2012",
      "Fator NT": 1.92598063
    },
    {
      "Data": "01\/01\/2013",
      "Fator NT": 1.91278243
    },
    {
      "Data": "02\/01\/2013",
      "Fator NT": 1.89609678
    },
    {
      "Data": "03\/01\/2013",
      "Fator NT": 1.8832904
    },
    {
      "Data": "04\/01\/2013",
      "Fator NT": 1.87410728
    },
    {
      "Data": "05\/01\/2013",
      "Fator NT": 1.86459783
    },
    {
      "Data": "06\/01\/2013",
      "Fator NT": 1.85605995
    },
    {
      "Data": "07\/01\/2013",
      "Fator NT": 1.84903362
    },
    {
      "Data": "08\/01\/2013",
      "Fator NT": 1.8477402
    },
    {
      "Data": "09\/01\/2013",
      "Fator NT": 1.84478854
    },
    {
      "Data": "10\/01\/2013",
      "Fator NT": 1.83982103
    },
    {
      "Data": "11\/01\/2013",
      "Fator NT": 1.83103207
    },
    {
      "Data": "12\/01\/2013",
      "Fator NT": 1.82065434
    },
    {
      "Data": "01\/01\/2014",
      "Fator NT": 1.80710108
    },
    {
      "Data": "02\/01\/2014",
      "Fator NT": 1.79507409
    },
    {
      "Data": "03\/01\/2014",
      "Fator NT": 1.78259592
    },
    {
      "Data": "04\/01\/2014",
      "Fator NT": 1.76967727
    },
    {
      "Data": "05\/01\/2014",
      "Fator NT": 1.75598062
    },
    {
      "Data": "06\/01\/2014",
      "Fator NT": 1.74585467
    },
    {
      "Data": "07\/01\/2014",
      "Fator NT": 1.73768754
    },
    {
      "Data": "08\/01\/2014",
      "Fator NT": 1.73473848
    },
    {
      "Data": "09\/01\/2014",
      "Fator NT": 1.73231324
    },
    {
      "Data": "10\/01\/2014",
      "Fator NT": 1.72558347
    },
    {
      "Data": "11\/01\/2014",
      "Fator NT": 1.71734023
    },
    {
      "Data": "12\/01\/2014",
      "Fator NT": 1.71083904
    },
    {
      "Data": "01\/01\/2015",
      "Fator NT": 1.69742935
    },
    {
      "Data": "02\/01\/2015",
      "Fator NT": 1.6824555
    },
    {
      "Data": "03\/01\/2015",
      "Fator NT": 1.66037254
    },
    {
      "Data": "04\/01\/2015",
      "Fator NT": 1.6400361
    },
    {
      "Data": "05\/01\/2015",
      "Fator NT": 1.62267349
    },
    {
      "Data": "06\/01\/2015",
      "Fator NT": 1.61299552
    },
    {
      "Data": "07\/01\/2015",
      "Fator NT": 1.5971834
    },
    {
      "Data": "08\/01\/2015",
      "Fator NT": 1.58781529
    },
    {
      "Data": "09\/01\/2015",
      "Fator NT": 1.58101692
    },
    {
      "Data": "10\/01\/2015",
      "Fator NT": 1.57487491
    },
    {
      "Data": "11\/01\/2015",
      "Fator NT": 1.56454888
    },
    {
      "Data": "12\/01\/2015",
      "Fator NT": 1.5513623
    },
    {
      "Data": "01\/01\/2016",
      "Fator NT": 1.53326972
    },
    {
      "Data": "02\/01\/2016",
      "Fator NT": 1.51929223
    },
    {
      "Data": "03\/01\/2016",
      "Fator NT": 1.49802034
    },
    {
      "Data": "04\/01\/2016",
      "Fator NT": 1.49160644
    },
    {
      "Data": "05\/01\/2016",
      "Fator NT": 1.48403784
    },
    {
      "Data": "06\/01\/2016",
      "Fator NT": 1.47138394
    },
    {
      "Data": "07\/01\/2016",
      "Fator NT": 1.46552185
    },
    {
      "Data": "08\/01\/2016",
      "Fator NT": 1.45765054
    },
    {
      "Data": "09\/01\/2016",
      "Fator NT": 1.4511205
    },
    {
      "Data": "10\/01\/2016",
      "Fator NT": 1.44779058
    },
    {
      "Data": "11\/01\/2016",
      "Fator NT": 1.44504499
    },
    {
      "Data": "12\/01\/2016",
      "Fator NT": 1.44129762
    },
    {
      "Data": "01\/01\/2017",
      "Fator NT": 1.43856435
    },
    {
      "Data": "02\/01\/2017",
      "Fator NT": 1.43411858
    },
    {
      "Data": "03\/01\/2017",
      "Fator NT": 1.42641593
    },
    {
      "Data": "04\/01\/2017",
      "Fator NT": 1.42427952
    },
    {
      "Data": "05\/01\/2017",
      "Fator NT": 1.4212948
    },
    {
      "Data": "06\/01\/2017",
      "Fator NT": 1.41789186
    },
    {
      "Data": "07\/01\/2017",
      "Fator NT": 1.41562685
    },
    {
      "Data": "08\/01\/2017",
      "Fator NT": 1.41817958
    },
    {
      "Data": "09\/01\/2017",
      "Fator NT": 1.41323326
    },
    {
      "Data": "10\/01\/2017",
      "Fator NT": 1.41168041
    },
    {
      "Data": "11\/01\/2017",
      "Fator NT": 1.40689696
    },
    {
      "Data": "12\/01\/2017",
      "Fator NT": 1.40240925
    },
    {
      "Data": "01\/01\/2018",
      "Fator NT": 1.39751794
    },
    {
      "Data": "02\/01\/2018",
      "Fator NT": 1.39208879
    },
    {
      "Data": "03\/01\/2018",
      "Fator NT": 1.38681888
    },
    {
      "Data": "04\/01\/2018",
      "Fator NT": 1.38543345
    },
    {
      "Data": "05\/01\/2018",
      "Fator NT": 1.38253013
    },
    {
      "Data": "06\/01\/2018",
      "Fator NT": 1.3805973
    },
    {
      "Data": "07\/01\/2018",
      "Fator NT": 1.3654409
    },
    {
      "Data": "08\/01\/2018",
      "Fator NT": 1.35675766
    },
    {
      "Data": "09\/01\/2018",
      "Fator NT": 1.35499616
    },
    {
      "Data": "10\/01\/2018",
      "Fator NT": 1.35377776
    },
    {
      "Data": "11\/01\/2018",
      "Fator NT": 1.34597113
    },
    {
      "Data": "12\/01\/2018",
      "Fator NT": 1.34341863
    },
    {
      "Data": "01\/01\/2019",
      "Fator NT": 1.34557155
    },
    {
      "Data": "02\/01\/2019",
      "Fator NT": 1.34154691
    },
    {
      "Data": "03\/01\/2019",
      "Fator NT": 1.3370011
    },
    {
      "Data": "04\/01\/2019",
      "Fator NT": 1.32982007
    },
    {
      "Data": "05\/01\/2019",
      "Fator NT": 1.32031381
    },
    {
      "Data": "06\/01\/2019",
      "Fator NT": 1.31570883
    },
    {
      "Data": "07\/01\/2019",
      "Fator NT": 1.31491988
    },
    {
      "Data": "08\/01\/2019",
      "Fator NT": 1.31373752
    },
    {
      "Data": "09\/01\/2019",
      "Fator NT": 1.31268737
    },
    {
      "Data": "10\/01\/2019",
      "Fator NT": 1.31150701
    },
    {
      "Data": "11\/01\/2019",
      "Fator NT": 1.31032772
    },
    {
      "Data": "12\/01\/2019",
      "Fator NT": 1.30849582
    },
    {
      "Data": "01\/01\/2020",
      "Fator NT": 1.29489938
    },
    {
      "Data": "02\/01\/2020",
      "Fator NT": 1.28577041
    },
    {
      "Data": "03\/01\/2020",
      "Fator NT": 1.28294792
    },
    {
      "Data": "04\/01\/2020",
      "Fator NT": 1.28269139
    },
    {
      "Data": "05\/01\/2020",
      "Fator NT": 1.28281967
    },
    {
      "Data": "06\/01\/2020",
      "Fator NT": 1.29043322
    },
    {
      "Data": "07\/01\/2020",
      "Fator NT": 1.29017519
    },
    {
      "Data": "08\/01\/2020",
      "Fator NT": 1.28631624
    },
    {
      "Data": "09\/01\/2020",
      "Fator NT": 1.2833645
    },
    {
      "Data": "10\/01\/2020",
      "Fator NT": 1.27761523
    },
    {
      "Data": "11\/01\/2020",
      "Fator NT": 1.26571749
    },
    {
      "Data": "12\/01\/2020",
      "Fator NT": 1.25554755
    },
    {
      "Data": "01\/01\/2021",
      "Fator NT": 1.24237834
    },
    {
      "Data": "02\/01\/2021",
      "Fator NT": 1.23276279
    },
    {
      "Data": "03\/01\/2021",
      "Fator NT": 1.2268738
    },
    {
      "Data": "04\/01\/2021",
      "Fator NT": 1.21556901
    },
    {
      "Data": "05\/01\/2021",
      "Fator NT": 1.20831909
    },
    {
      "Data": "06\/01\/2021",
      "Fator NT": 1.20302578
    },
    {
      "Data": "07\/01\/2021",
      "Fator NT": 1.19312286
    },
    {
      "Data": "08\/01\/2021",
      "Fator NT": 1.18459378
    },
    {
      "Data": "09\/01\/2021",
      "Fator NT": 1.1741439
    },
    {
      "Data": "10\/01\/2021",
      "Fator NT": 1.16090953
    },
    {
      "Data": "11\/01\/2021",
      "Fator NT": 1.14714381
    },
    {
      "Data": "12\/01\/2021",
      "Fator NT": 1.13387744
    },
    {
      "Data": "01\/01\/2022",
      "Fator NT": 1.12510165
    },
    {
      "Data": "02\/01\/2022",
      "Fator NT": 1.11861369
    },
    {
      "Data": "03\/01\/2022",
      "Fator NT": 1.10764798
    },
    {
      "Data": "04\/01\/2022",
      "Fator NT": 1.09722434
    },
    {
      "Data": "05\/01\/2022",
      "Fator NT": 1.07856517
    },
    {
      "Data": "06\/01\/2022",
      "Fator NT": 1.07223896
    },
    {
      "Data": "07\/01\/2022",
      "Fator NT": 1.06489121
    },
    {
      "Data": "08\/01\/2022",
      "Fator NT": 1.06350865
    },
    {
      "Data": "09\/01\/2022",
      "Fator NT": 1.07132935
    },
    {
      "Data": "10\/01\/2022",
      "Fator NT": 1.07530799
    },
    {
      "Data": "11\/01\/2022",
      "Fator NT": 1.07359025
    },
    {
      "Data": "12\/01\/2022",
      "Fator NT": 1.06793022
    },
    {
      "Data": "01\/01\/2023",
      "Fator NT": 1.06240571
    },
    {
      "Data": "02\/01\/2023",
      "Fator NT": 1.05659444
    },
    {
      "Data": "03\/01\/2023",
      "Fator NT": 1.04862489
    },
    {
      "Data": "04\/01\/2023",
      "Fator NT": 1.04143896
    },
    {
      "Data": "05\/01\/2023",
      "Fator NT": 1.0355364
    },
    {
      "Data": "06\/01\/2023",
      "Fator NT": 1.03028196
    },
    {
      "Data": "07\/01\/2023",
      "Fator NT": 1.02987002
    },
    {
      "Data": "08\/01\/2023",
      "Fator NT": 1.03059143
    },
    {
      "Data": "09\/01\/2023",
      "Fator NT": 1.02771383
    },
    {
      "Data": "10\/01\/2023",
      "Fator NT": 1.02412938
    },
    {
      "Data": "11\/01\/2023",
      "Fator NT": 1.02198321
    },
    {
      "Data": "12\/01\/2023",
      "Fator NT": 1.01862176
    },
    {
      "Data": "01\/01\/2024",
      "Fator NT": 1.01456351
    },
    {
      "Data": "02\/01\/2024",
      "Fator NT": 1.01142808
    },
    {
      "Data": "03\/01\/2024",
      "Fator NT": 1.0036
    },
    {
      "Data": "04\/01\/2024",
      "Fator NT": 1
    },
    {
      "Data": "05\/01\/2024"
    },
    {
      "Data": "06\/01\/2024"
    },
    {
      "Data": "07\/01\/2024"
    },
    {
      "Data": "08\/01\/2024"
    },
    {
      "Data": "09\/01\/2024"
    },
    {
      "Data": "10\/01\/2024"
    },
    {
      "Data": "11\/01\/2024"
    },
    {
      "Data": "12\/01\/2024"
    }
  ],

  
  "Juros Pupança": [
    {
      "Remuneração Basica Poupança": 0.5,
      "Fator": 2.360245
    },
    {
      "Data": "06\/01\/1997",
      "Remuneração Basica Poupança": 0.5,
      "Fator": 2.355245
    },
    {
      "Data": "07\/01\/1997",
      "Remuneração Basica Poupança": 0.5,
      "Fator": 2.350245
    },
    {
      "Data": "08\/01\/1997",
      "Remuneração Basica Poupança": 0.5,
      "Fator": 2.345245
    },
    {
      "Data": "09\/01\/1997",
      "Remuneração Basica Poupança": 0.5,
      "Fator": 2.340245
    },
    {
      "Data": "10\/01\/1997",
      "Remuneração Basica Poupança": 0.5,
      "Fator": 2.335245
    },
    {
      "Data": "11\/01\/1997",
      "Remuneração Basica Poupança": 0.5,
      "Fator": 2.330245
    },
    {
      "Data": "12\/01\/1997",
      "Remuneração Basica Poupança": 0.5,
      "Fator": 2.325245
    },
    {
      "Data": "01\/01\/1998",
      "Remuneração Basica Poupança": 0.5,
      "Fator": 2.320245
    },
    {
      "Data": "02\/01\/1998",
      "Remuneração Basica Poupança": 0.5,
      "Fator": 2.315245
    },
    {
      "Data": "03\/01\/1998",
      "Remuneração Basica Poupança": 0.5,
      "Fator": 2.310245
    },
    {
      "Data": "04\/01\/1998",
      "Remuneração Basica Poupança": 0.5,
      "Fator": 2.305245
    },
    {
      "Data": "05\/01\/1998",
      "Remuneração Basica Poupança": 0.5,
      "Fator": 2.300245
    },
    {
      "Data": "06\/01\/1998",
      "Remuneração Basica Poupança": 0.5,
      "Fator": 2.295245
    },
    {
      "Data": "07\/01\/1998",
      "Remuneração Basica Poupança": 0.5,
      "Fator": 2.290245
    },
    {
      "Data": "08\/01\/1998",
      "Remuneração Basica Poupança": 0.5,
      "Fator": 2.285245
    },
    {
      "Data": "09\/01\/1998",
      "Remuneração Basica Poupança": 0.5,
      "Fator": 2.280245
    },
    {
      "Data": "10\/01\/1998",
      "Remuneração Basica Poupança": 0.5,
      "Fator": 2.275245
    },
    {
      "Data": "11\/01\/1998",
      "Remuneração Basica Poupança": 0.5,
      "Fator": 2.270245
    },
    {
      "Data": "12\/01\/1998",
      "Remuneração Basica Poupança": 0.5,
      "Fator": 2.265245
    },
    {
      "Data": "01\/01\/1999",
      "Remuneração Basica Poupança": 0.5,
      "Fator": 2.260245
    },
    {
      "Data": "02\/01\/1999",
      "Remuneração Basica Poupança": 0.5,
      "Fator": 2.255245
    },
    {
      "Data": "03\/01\/1999",
      "Remuneração Basica Poupança": 0.5,
      "Fator": 2.250245
    },
    {
      "Data": "04\/01\/1999",
      "Remuneração Basica Poupança": 0.5,
      "Fator": 2.245245
    },
    {
      "Data": "05\/01\/1999",
      "Remuneração Basica Poupança": 0.5,
      "Fator": 2.240245
    },
    {
      "Data": "06\/01\/1999",
      "Remuneração Basica Poupança": 0.5,
      "Fator": 2.235245
    },
    {
      "Data": "07\/01\/1999",
      "Remuneração Basica Poupança": 0.5,
      "Fator": 2.230245
    },
    {
      "Data": "08\/01\/1999",
      "Remuneração Basica Poupança": 0.5,
      "Fator": 2.225245
    },
    {
      "Data": "09\/01\/1999",
      "Remuneração Basica Poupança": 0.5,
      "Fator": 2.220245
    },
    {
      "Data": "10\/01\/1999",
      "Remuneração Basica Poupança": 0.5,
      "Fator": 2.215245
    },
    {
      "Data": "11\/01\/1999",
      "Remuneração Basica Poupança": 0.5,
      "Fator": 2.210245
    },
    {
      "Data": "12\/01\/1999",
      "Remuneração Basica Poupança": 0.5,
      "Fator": 2.205245
    },
    {
      "Data": "01\/01\/2000",
      "Remuneração Basica Poupança": 0.5,
      "Fator": 2.200245
    },
    {
      "Data": "02\/01\/2000",
      "Remuneração Basica Poupança": 0.5,
      "Fator": 2.195245
    },
    {
      "Data": "03\/01\/2000",
      "Remuneração Basica Poupança": 0.5,
      "Fator": 2.190245
    },
    {
      "Data": "04\/01\/2000",
      "Remuneração Basica Poupança": 0.5,
      "Fator": 2.185245
    },
    {
      "Data": "05\/01\/2000",
      "Remuneração Basica Poupança": 0.5,
      "Fator": 2.180245
    },
    {
      "Data": "06\/01\/2000",
      "Remuneração Basica Poupança": 0.5,
      "Fator": 2.175245
    },
    {
      "Data": "07\/01\/2000",
      "Remuneração Basica Poupança": 0.5,
      "Fator": 2.170245
    },
    {
      "Data": "08\/01\/2000",
      "Remuneração Basica Poupança": 0.5,
      "Fator": 2.165245
    },
    {
      "Data": "09\/01\/2000",
      "Remuneração Basica Poupança": 0.5,
      "Fator": 2.160245
    },
    {
      "Data": "10\/01\/2000",
      "Remuneração Basica Poupança": 0.5,
      "Fator": 2.155245
    },
    {
      "Data": "11\/01\/2000",
      "Remuneração Basica Poupança": 0.5,
      "Fator": 2.150245
    },
    {
      "Data": "12\/01\/2000",
      "Remuneração Basica Poupança": 0.5,
      "Fator": 2.145245
    },
    {
      "Data": "01\/01\/2001",
      "Remuneração Basica Poupança": 0.5,
      "Fator": 2.140245
    },
    {
      "Data": "02\/01\/2001",
      "Remuneração Basica Poupança": 0.5,
      "Fator": 2.135245
    },
    {
      "Data": "03\/01\/2001",
      "Remuneração Basica Poupança": 0.5,
      "Fator": 2.130245
    },
    {
      "Data": "04\/01\/2001",
      "Remuneração Basica Poupança": 0.5,
      "Fator": 2.125245
    },
    {
      "Data": "05\/01\/2001",
      "Remuneração Basica Poupança": 0.5,
      "Fator": 2.120245
    },
    {
      "Data": "06\/01\/2001",
      "Remuneração Basica Poupança": 0.5,
      "Fator": 2.115245
    },
    {
      "Data": "07\/01\/2001",
      "Remuneração Basica Poupança": 0.5,
      "Fator": 2.110245
    },
    {
      "Data": "08\/01\/2001",
      "Remuneração Basica Poupança": 0.5,
      "Fator": 2.105245
    },
    {
      "Data": "09\/01\/2001",
      "Remuneração Basica Poupança": 0.5,
      "Fator": 2.100245
    },
    {
      "Data": "10\/01\/2001",
      "Remuneração Basica Poupança": 0.5,
      "Fator": 2.095245
    },
    {
      "Data": "11\/01\/2001",
      "Remuneração Basica Poupança": 0.5,
      "Fator": 2.090245
    },
    {
      "Data": "12\/01\/2001",
      "Remuneração Basica Poupança": 0.5,
      "Fator": 2.085245
    },
    {
      "Data": "01\/01\/2002",
      "Remuneração Basica Poupança": 0.5,
      "Fator": 2.080245
    },
    {
      "Data": "02\/01\/2002",
      "Remuneração Basica Poupança": 0.5,
      "Fator": 2.075245
    },
    {
      "Data": "03\/01\/2002",
      "Remuneração Basica Poupança": 0.5,
      "Fator": 2.070245
    },
    {
      "Data": "04\/01\/2002",
      "Remuneração Basica Poupança": 0.5,
      "Fator": 2.065245
    },
    {
      "Data": "05\/01\/2002",
      "Remuneração Basica Poupança": 0.5,
      "Fator": 2.060245
    },
    {
      "Data": "06\/01\/2002",
      "Remuneração Basica Poupança": 0.5,
      "Fator": 2.055245
    },
    {
      "Data": "07\/01\/2002",
      "Remuneração Basica Poupança": 0.5,
      "Fator": 2.050245
    },
    {
      "Data": "08\/01\/2002",
      "Remuneração Basica Poupança": 0.5,
      "Fator": 2.045245
    },
    {
      "Data": "09\/01\/2002",
      "Remuneração Basica Poupança": 0.5,
      "Fator": 2.040245
    },
    {
      "Data": "10\/01\/2002",
      "Remuneração Basica Poupança": 0.5,
      "Fator": 2.035245
    },
    {
      "Data": "11\/01\/2002",
      "Remuneração Basica Poupança": 0.5,
      "Fator": 2.030245
    },
    {
      "Data": "12\/01\/2002",
      "Remuneração Basica Poupança": 0.5,
      "Fator": 2.025245
    },
    {
      "Data": "01\/01\/2003",
      "Remuneração Basica Poupança": 0.5,
      "Fator": 2.020245
    },
    {
      "Data": "02\/01\/2003",
      "Remuneração Basica Poupança": 0.5,
      "Fator": 2.015245
    },
    {
      "Data": "03\/01\/2003",
      "Remuneração Basica Poupança": 0.5,
      "Fator": 2.010245
    },
    {
      "Data": "04\/01\/2003",
      "Remuneração Basica Poupança": 0.5,
      "Fator": 2.005245
    },
    {
      "Data": "05\/01\/2003",
      "Remuneração Basica Poupança": 0.5,
      "Fator": 2.000245
    },
    {
      "Data": "06\/01\/2003",
      "Remuneração Basica Poupança": 0.5,
      "Fator": 1.995245
    },
    {
      "Data": "07\/01\/2003",
      "Remuneração Basica Poupança": 0.5,
      "Fator": 1.990245
    },
    {
      "Data": "08\/01\/2003",
      "Remuneração Basica Poupança": 0.5,
      "Fator": 1.985245
    },
    {
      "Data": "09\/01\/2003",
      "Remuneração Basica Poupança": 0.5,
      "Fator": 1.980245
    },
    {
      "Data": "10\/01\/2003",
      "Remuneração Basica Poupança": 0.5,
      "Fator": 1.975245
    },
    {
      "Data": "11\/01\/2003",
      "Remuneração Basica Poupança": 0.5,
      "Fator": 1.970245
    },
    {
      "Data": "12\/01\/2003",
      "Remuneração Basica Poupança": 0.5,
      "Fator": 1.965245
    },
    {
      "Data": "01\/01\/2004",
      "Remuneração Basica Poupança": 0.5,
      "Fator": 1.960245
    },
    {
      "Data": "02\/01\/2004",
      "Remuneração Basica Poupança": 0.5,
      "Fator": 1.955245
    },
    {
      "Data": "03\/01\/2004",
      "Remuneração Basica Poupança": 0.5,
      "Fator": 1.950245
    },
    {
      "Data": "04\/01\/2004",
      "Remuneração Basica Poupança": 0.5,
      "Fator": 1.945245
    },
    {
      "Data": "05\/01\/2004",
      "Remuneração Basica Poupança": 0.5,
      "Fator": 1.940245
    },
    {
      "Data": "06\/01\/2004",
      "Remuneração Basica Poupança": 0.5,
      "Fator": 1.935245
    },
    {
      "Data": "07\/01\/2004",
      "Remuneração Basica Poupança": 0.5,
      "Fator": 1.930245
    },
    {
      "Data": "08\/01\/2004",
      "Remuneração Basica Poupança": 0.5,
      "Fator": 1.925245
    },
    {
      "Data": "09\/01\/2004",
      "Remuneração Basica Poupança": 0.5,
      "Fator": 1.920245
    },
    {
      "Data": "10\/01\/2004",
      "Remuneração Basica Poupança": 0.5,
      "Fator": 1.915245
    },
    {
      "Data": "11\/01\/2004",
      "Remuneração Basica Poupança": 0.5,
      "Fator": 1.910245
    },
    {
      "Data": "12\/01\/2004",
      "Remuneração Basica Poupança": 0.5,
      "Fator": 1.905245
    },
    {
      "Data": "01\/01\/2005",
      "Remuneração Basica Poupança": 0.5,
      "Fator": 1.900245
    },
    {
      "Data": "02\/01\/2005",
      "Remuneração Basica Poupança": 0.5,
      "Fator": 1.895245
    },
    {
      "Data": "03\/01\/2005",
      "Remuneração Basica Poupança": 0.5,
      "Fator": 1.890245
    },
    {
      "Data": "04\/01\/2005",
      "Remuneração Basica Poupança": 0.5,
      "Fator": 1.885245
    },
    {
      "Data": "05\/01\/2005",
      "Remuneração Basica Poupança": 0.5,
      "Fator": 1.880245
    },
    {
      "Data": "06\/01\/2005",
      "Remuneração Basica Poupança": 0.5,
      "Fator": 1.875245
    },
    {
      "Data": "07\/01\/2005",
      "Remuneração Basica Poupança": 0.5,
      "Fator": 1.870245
    },
    {
      "Data": "08\/01\/2005",
      "Remuneração Basica Poupança": 0.5,
      "Fator": 1.865245
    },
    {
      "Data": "09\/01\/2005",
      "Remuneração Basica Poupança": 0.5,
      "Fator": 1.860245
    },
    {
      "Data": "10\/01\/2005",
      "Remuneração Basica Poupança": 0.5,
      "Fator": 1.855245
    },
    {
      "Data": "11\/01\/2005",
      "Remuneração Basica Poupança": 0.5,
      "Fator": 1.850245
    },
    {
      "Data": "12\/01\/2005",
      "Remuneração Basica Poupança": 0.5,
      "Fator": 1.845245
    },
    {
      "Data": "01\/01\/2006",
      "Remuneração Basica Poupança": 0.5,
      "Fator": 1.840245
    },
    {
      "Data": "02\/01\/2006",
      "Remuneração Basica Poupança": 0.5,
      "Fator": 1.835245
    },
    {
      "Data": "03\/01\/2006",
      "Remuneração Basica Poupança": 0.5,
      "Fator": 1.830245
    },
    {
      "Data": "04\/01\/2006",
      "Remuneração Basica Poupança": 0.5,
      "Fator": 1.825245
    },
    {
      "Data": "05\/01\/2006",
      "Remuneração Basica Poupança": 0.5,
      "Fator": 1.820245
    },
    {
      "Data": "06\/01\/2006",
      "Remuneração Basica Poupança": 0.5,
      "Fator": 1.815245
    },
    {
      "Data": "07\/01\/2006",
      "Remuneração Basica Poupança": 0.5,
      "Fator": 1.810245
    },
    {
      "Data": "08\/01\/2006",
      "Remuneração Basica Poupança": 0.5,
      "Fator": 1.805245
    },
    {
      "Data": "09\/01\/2006",
      "Remuneração Basica Poupança": 0.5,
      "Fator": 1.800245
    },
    {
      "Data": "10\/01\/2006",
      "Remuneração Basica Poupança": 0.5,
      "Fator": 1.795245
    },
    {
      "Data": "11\/01\/2006",
      "Remuneração Basica Poupança": 0.5,
      "Fator": 1.790245
    },
    {
      "Data": "12\/01\/2006",
      "Remuneração Basica Poupança": 0.5,
      "Fator": 1.785245
    },
    {
      "Data": "01\/01\/2007",
      "Remuneração Basica Poupança": 0.5,
      "Fator": 1.780245
    },
    {
      "Data": "02\/01\/2007",
      "Remuneração Basica Poupança": 0.5,
      "Fator": 1.775245
    },
    {
      "Data": "03\/01\/2007",
      "Remuneração Basica Poupança": 0.5,
      "Fator": 1.770245
    },
    {
      "Data": "04\/01\/2007",
      "Remuneração Basica Poupança": 0.5,
      "Fator": 1.765245
    },
    {
      "Data": "05\/01\/2007",
      "Remuneração Basica Poupança": 0.5,
      "Fator": 1.760245
    },
    {
      "Data": "06\/01\/2007",
      "Remuneração Basica Poupança": 0.5,
      "Fator": 1.755245
    },
    {
      "Data": "07\/01\/2007",
      "Remuneração Basica Poupança": 0.5,
      "Fator": 1.750245
    },
    {
      "Data": "08\/01\/2007",
      "Remuneração Basica Poupança": 0.5,
      "Fator": 1.745245
    },
    {
      "Data": "09\/01\/2007",
      "Remuneração Basica Poupança": 0.5,
      "Fator": 1.740245
    },
    {
      "Data": "10\/01\/2007",
      "Remuneração Basica Poupança": 0.5,
      "Fator": 1.735245
    },
    {
      "Data": "11\/01\/2007",
      "Remuneração Basica Poupança": 0.5,
      "Fator": 1.730245
    },
    {
      "Data": "12\/01\/2007",
      "Remuneração Basica Poupança": 0.5,
      "Fator": 1.725245
    },
    {
      "Data": "01\/01\/2008",
      "Remuneração Basica Poupança": 0.5,
      "Fator": 1.720245
    },
    {
      "Data": "02\/01\/2008",
      "Remuneração Basica Poupança": 0.5,
      "Fator": 1.715245
    },
    {
      "Data": "03\/01\/2008",
      "Remuneração Basica Poupança": 0.5,
      "Fator": 1.710245
    },
    {
      "Data": "04\/01\/2008",
      "Remuneração Basica Poupança": 0.5,
      "Fator": 1.705245
    },
    {
      "Data": "05\/01\/2008",
      "Remuneração Basica Poupança": 0.5,
      "Fator": 1.700245
    },
    {
      "Data": "06\/01\/2008",
      "Remuneração Basica Poupança": 0.5,
      "Fator": 1.695245
    },
    {
      "Data": "07\/01\/2008",
      "Remuneração Basica Poupança": 0.5,
      "Fator": 1.690245
    },
    {
      "Data": "08\/01\/2008",
      "Remuneração Basica Poupança": 0.5,
      "Fator": 1.685245
    },
    {
      "Data": "09\/01\/2008",
      "Remuneração Basica Poupança": 0.5,
      "Fator": 1.680245
    },
    {
      "Data": "10\/01\/2008",
      "Remuneração Basica Poupança": 0.5,
      "Fator": 1.675245
    },
    {
      "Data": "11\/01\/2008",
      "Remuneração Basica Poupança": 0.5,
      "Fator": 1.670245
    },
    {
      "Data": "12\/01\/2008",
      "Remuneração Basica Poupança": 0.5,
      "Fator": 1.665245
    },
    {
      "Data": "01\/01\/2009",
      "Remuneração Basica Poupança": 0.5,
      "Fator": 1.660245
    },
    {
      "Data": "02\/01\/2009",
      "Remuneração Basica Poupança": 0.5,
      "Fator": 1.655245
    },
    {
      "Data": "03\/01\/2009",
      "Remuneração Basica Poupança": 0.5,
      "Fator": 1.650245
    },
    {
      "Data": "04\/01\/2009",
      "Remuneração Basica Poupança": 0.5,
      "Fator": 1.645245
    },
    {
      "Data": "05\/01\/2009",
      "Remuneração Basica Poupança": 0.5,
      "Fator": 1.640245
    },
    {
      "Data": "06\/01\/2009",
      "Remuneração Basica Poupança": 0.5,
      "Fator": 1.635245
    },
    {
      "Data": "07\/01\/2009",
      "Remuneração Basica Poupança": 0.5,
      "Fator": 1.630245
    },
    {
      "Data": "08\/01\/2009",
      "Remuneração Basica Poupança": 0.5,
      "Fator": 1.625245
    },
    {
      "Data": "09\/01\/2009",
      "Remuneração Basica Poupança": 0.5,
      "Fator": 1.620245
    },
    {
      "Data": "10\/01\/2009",
      "Remuneração Basica Poupança": 0.5,
      "Fator": 1.615245
    },
    {
      "Data": "11\/01\/2009",
      "Remuneração Basica Poupança": 0.5,
      "Fator": 1.610245
    },
    {
      "Data": "12\/01\/2009",
      "Remuneração Basica Poupança": 0.5,
      "Fator": 1.605245
    },
    {
      "Data": "01\/01\/2010",
      "Remuneração Basica Poupança": 0.5,
      "Fator": 1.600245
    },
    {
      "Data": "02\/01\/2010",
      "Remuneração Basica Poupança": 0.5,
      "Fator": 1.595245
    },
    {
      "Data": "03\/01\/2010",
      "Remuneração Basica Poupança": 0.5,
      "Fator": 1.590245
    },
    {
      "Data": "04\/01\/2010",
      "Remuneração Basica Poupança": 0.5,
      "Fator": 1.585245
    },
    {
      "Data": "05\/01\/2010",
      "Remuneração Basica Poupança": 0.5,
      "Fator": 1.580245
    },
    {
      "Data": "06\/01\/2010",
      "Remuneração Basica Poupança": 0.5,
      "Fator": 1.575245
    },
    {
      "Data": "07\/01\/2010",
      "Remuneração Basica Poupança": 0.5,
      "Fator": 1.570245
    },
    {
      "Data": "08\/01\/2010",
      "Remuneração Basica Poupança": 0.5,
      "Fator": 1.565245
    },
    {
      "Data": "09\/01\/2010",
      "Remuneração Basica Poupança": 0.5,
      "Fator": 1.560245
    },
    {
      "Data": "10\/01\/2010",
      "Remuneração Basica Poupança": 0.5,
      "Fator": 1.555245
    },
    {
      "Data": "11\/01\/2010",
      "Remuneração Basica Poupança": 0.5,
      "Fator": 1.550245
    },
    {
      "Data": "12\/01\/2010",
      "Remuneração Basica Poupança": 0.5,
      "Fator": 1.545245
    },
    {
      "Data": "01\/01\/2011",
      "Remuneração Basica Poupança": 0.5,
      "Fator": 1.540245
    },
    {
      "Data": "02\/01\/2011",
      "Remuneração Basica Poupança": 0.5,
      "Fator": 1.535245
    },
    {
      "Data": "03\/01\/2011",
      "Remuneração Basica Poupança": 0.5,
      "Fator": 1.530245
    },
    {
      "Data": "04\/01\/2011",
      "Remuneração Basica Poupança": 0.5,
      "Fator": 1.525245
    },
    {
      "Data": "05\/01\/2011",
      "Remuneração Basica Poupança": 0.5,
      "Fator": 1.520245
    },
    {
      "Data": "06\/01\/2011",
      "Remuneração Basica Poupança": 0.5,
      "Fator": 1.515245
    },
    {
      "Data": "07\/01\/2011",
      "Remuneração Basica Poupança": 0.5,
      "Fator": 1.510245
    },
    {
      "Data": "08\/01\/2011",
      "Remuneração Basica Poupança": 0.5,
      "Fator": 1.505245
    },
    {
      "Data": "09\/01\/2011",
      "Remuneração Basica Poupança": 0.5,
      "Fator": 1.500245
    },
    {
      "Data": "10\/01\/2011",
      "Remuneração Basica Poupança": 0.5,
      "Fator": 1.495245
    },
    {
      "Data": "11\/01\/2011",
      "Remuneração Basica Poupança": 0.5,
      "Fator": 1.490245
    },
    {
      "Data": "12\/01\/2011",
      "Remuneração Basica Poupança": 0.5,
      "Fator": 1.485245
    },
    {
      "Data": "01\/01\/2012",
      "Remuneração Basica Poupança": 0.5,
      "Fator": 1.480245
    },
    {
      "Data": "02\/01\/2012",
      "Remuneração Basica Poupança": 0.5,
      "Fator": 1.475245
    },
    {
      "Data": "03\/01\/2012",
      "Remuneração Basica Poupança": 0.5,
      "Fator": 1.470245
    },
    {
      "Data": "04\/01\/2012",
      "Remuneração Basica Poupança": 0.5,
      "Fator": 1.465245
    },
    {
      "Data": "05\/01\/2012",
      "Remuneração Basica Poupança": 0.4828,
      "Fator": 1.460245
    },
    {
      "Data": "06\/01\/2012",
      "Remuneração Basica Poupança": 0.4828,
      "Fator": 1.455417
    },
    {
      "Data": "07\/01\/2012",
      "Remuneração Basica Poupança": 0.4551,
      "Fator": 1.450589
    },
    {
      "Data": "08\/01\/2012",
      "Remuneração Basica Poupança": 0.4273,
      "Fator": 1.446038
    },
    {
      "Data": "09\/01\/2012",
      "Remuneração Basica Poupança": 0.4273,
      "Fator": 1.441765
    },
    {
      "Data": "10\/01\/2012",
      "Remuneração Basica Poupança": 0.4134,
      "Fator": 1.437492
    },
    {
      "Data": "11\/01\/2012",
      "Remuneração Basica Poupança": 0.4134,
      "Fator": 1.433358
    },
    {
      "Data": "12\/01\/2012",
      "Remuneração Basica Poupança": 0.4134,
      "Fator": 1.429224
    },
    {
      "Data": "01\/01\/2013",
      "Remuneração Basica Poupança": 0.4134,
      "Fator": 1.42509
    },
    {
      "Data": "02\/01\/2013",
      "Remuneração Basica Poupança": 0.4134,
      "Fator": 1.420956
    },
    {
      "Data": "03\/01\/2013",
      "Remuneração Basica Poupança": 0.4134,
      "Fator": 1.416822
    },
    {
      "Data": "04\/01\/2013",
      "Remuneração Basica Poupança": 0.4273,
      "Fator": 1.412688
    },
    {
      "Data": "05\/01\/2013",
      "Remuneração Basica Poupança": 0.4551,
      "Fator": 1.408415
    },
    {
      "Data": "06\/01\/2013",
      "Remuneração Basica Poupança": 0.4551,
      "Fator": 1.403864
    },
    {
      "Data": "07\/01\/2013",
      "Remuneração Basica Poupança": 0.4828,
      "Fator": 1.399313
    },
    {
      "Data": "08\/01\/2013",
      "Remuneração Basica Poupança": 0.5,
      "Fator": 1.394485
    },
    {
      "Data": "09\/01\/2013",
      "Remuneração Basica Poupança": 0.5,
      "Fator": 1.389485
    },
    {
      "Data": "10\/01\/2013",
      "Remuneração Basica Poupança": 0.5,
      "Fator": 1.384485
    },
    {
      "Data": "11\/01\/2013",
      "Remuneração Basica Poupança": 0.5,
      "Fator": 1.379485
    },
    {
      "Data": "12\/01\/2013",
      "Remuneração Basica Poupança": 0.5,
      "Fator": 1.374485
    },
    {
      "Data": "01\/01\/2014",
      "Remuneração Basica Poupança": 0.5,
      "Fator": 1.369485
    },
    {
      "Data": "02\/01\/2014",
      "Remuneração Basica Poupança": 0.5,
      "Fator": 1.364485
    },
    {
      "Data": "03\/01\/2014",
      "Remuneração Basica Poupança": 0.5,
      "Fator": 1.359485
    },
    {
      "Data": "04\/01\/2014",
      "Remuneração Basica Poupança": 0.5,
      "Fator": 1.354485
    },
    {
      "Data": "05\/01\/2014",
      "Remuneração Basica Poupança": 0.5,
      "Fator": 1.349485,
      "Column10": 1.354485
    },
    {
      "Data": "06\/01\/2014",
      "Remuneração Basica Poupança": 0.5,
      "Fator": 1.344485,
      "Column10": 1.061251
    },
    {
      "Data": "07\/01\/2014",
      "Remuneração Basica Poupança": 0.5,
      "Fator": 1.339485,
      "Column9": 0.293234
    },
    {
      "Data": "08\/01\/2014",
      "Remuneração Basica Poupança": 0.5,
      "Fator": 1.334485
    },
    {
      "Data": "09\/01\/2014",
      "Remuneração Basica Poupança": 0.5,
      "Fator": 1.329485
    },
    {
      "Data": "10\/01\/2014",
      "Remuneração Basica Poupança": 0.5,
      "Fator": 1.324485
    },
    {
      "Data": "11\/01\/2014",
      "Remuneração Basica Poupança": 0.5,
      "Fator": 1.319485
    },
    {
      "Data": "12\/01\/2014",
      "Remuneração Basica Poupança": 0.5,
      "Fator": 1.314485
    },
    {
      "Data": "01\/01\/2015",
      "Remuneração Basica Poupança": 0.5,
      "Fator": 1.309485
    },
    {
      "Data": "02\/01\/2015",
      "Remuneração Basica Poupança": 0.5,
      "Fator": 1.304485
    },
    {
      "Data": "03\/01\/2015",
      "Remuneração Basica Poupança": 0.5,
      "Fator": 1.299485
    },
    {
      "Data": "04\/01\/2015",
      "Remuneração Basica Poupança": 0.5,
      "Fator": 1.294485
    },
    {
      "Data": "05\/01\/2015",
      "Remuneração Basica Poupança": 0.5,
      "Fator": 1.289485
    },
    {
      "Data": "06\/01\/2015",
      "Remuneração Basica Poupança": 0.5,
      "Fator": 1.284485
    },
    {
      "Data": "07\/01\/2015",
      "Remuneração Basica Poupança": 0.5,
      "Fator": 1.279485
    },
    {
      "Data": "08\/01\/2015",
      "Remuneração Basica Poupança": 0.5,
      "Fator": 1.274485
    },
    {
      "Data": "09\/01\/2015",
      "Remuneração Basica Poupança": 0.5,
      "Fator": 1.269485
    },
    {
      "Data": "10\/01\/2015",
      "Remuneração Basica Poupança": 0.5,
      "Fator": 1.264485
    },
    {
      "Data": "11\/01\/2015",
      "Remuneração Basica Poupança": 0.5,
      "Fator": 1.259485
    },
    {
      "Data": "12\/01\/2015",
      "Remuneração Basica Poupança": 0.5,
      "Fator": 1.254485
    },
    {
      "Data": "01\/01\/2016",
      "Remuneração Basica Poupança": 0.5,
      "Fator": 1.249485
    },
    {
      "Data": "02\/01\/2016",
      "Remuneração Basica Poupança": 0.5,
      "Fator": 1.244485
    },
    {
      "Data": "03\/01\/2016",
      "Remuneração Basica Poupança": 0.5,
      "Fator": 1.239485
    },
    {
      "Data": "04\/01\/2016",
      "Remuneração Basica Poupança": 0.5,
      "Fator": 1.234485
    },
    {
      "Data": "05\/01\/2016",
      "Remuneração Basica Poupança": 0.5,
      "Fator": 1.229485
    },
    {
      "Data": "06\/01\/2016",
      "Remuneração Basica Poupança": 0.5,
      "Fator": 1.224485
    },
    {
      "Data": "07\/01\/2016",
      "Remuneração Basica Poupança": 0.5,
      "Fator": 1.219485
    },
    {
      "Data": "08\/01\/2016",
      "Remuneração Basica Poupança": 0.5,
      "Fator": 1.214485
    },
    {
      "Data": "09\/01\/2016",
      "Remuneração Basica Poupança": 0.5,
      "Fator": 1.209485
    },
    {
      "Data": "10\/01\/2016",
      "Remuneração Basica Poupança": 0.5,
      "Fator": 1.204485
    },
    {
      "Data": "11\/01\/2016",
      "Remuneração Basica Poupança": 0.5,
      "Fator": 1.199485
    },
    {
      "Data": "12\/01\/2016",
      "Remuneração Basica Poupança": 0.5,
      "Fator": 1.194485
    },
    {
      "Data": "01\/01\/2017",
      "Remuneração Basica Poupança": 0.5,
      "Fator": 1.189485
    },
    {
      "Data": "02\/01\/2017",
      "Remuneração Basica Poupança": 0.5,
      "Fator": 1.184485
    },
    {
      "Data": "03\/01\/2017",
      "Remuneração Basica Poupança": 0.5,
      "Fator": 1.179485
    },
    {
      "Data": "04\/01\/2017",
      "Remuneração Basica Poupança": 0.5,
      "Fator": 1.174485
    },
    {
      "Data": "05\/01\/2017",
      "Remuneração Basica Poupança": 0.5,
      "Fator": 1.169485
    },
    {
      "Data": "06\/01\/2017",
      "Remuneração Basica Poupança": 0.5,
      "Fator": 1.164485
    },
    {
      "Data": "07\/01\/2017",
      "Remuneração Basica Poupança": 0.5,
      "Fator": 1.159485
    },
    {
      "Data": "08\/01\/2017",
      "Remuneração Basica Poupança": 0.5,
      "Fator": 1.154485
    },
    {
      "Data": "09\/01\/2017",
      "Remuneração Basica Poupança": 0.469,
      "Fator": 1.149485
    },
    {
      "Data": "10\/01\/2017",
      "Remuneração Basica Poupança": 0.4273,
      "Fator": 1.144795
    },
    {
      "Data": "11\/01\/2017",
      "Remuneração Basica Poupança": 0.4273,
      "Fator": 1.140522
    },
    {
      "Data": "12\/01\/2017",
      "Remuneração Basica Poupança": 0.3994,
      "Fator": 1.136249
    },
    {
      "Data": "01\/01\/2018",
      "Remuneração Basica Poupança": 0.3994,
      "Fator": 1.132255
    },
    {
      "Data": "02\/01\/2018",
      "Remuneração Basica Poupança": 0.3855,
      "Fator": 1.128261
    },
    {
      "Data": "03\/01\/2018",
      "Remuneração Basica Poupança": 0.3715,
      "Fator": 1.124406
    },
    {
      "Data": "04\/01\/2018",
      "Remuneração Basica Poupança": 0.3715,
      "Fator": 1.120691
    },
    {
      "Data": "05\/01\/2018",
      "Remuneração Basica Poupança": 0.3715,
      "Fator": 1.116976
    },
    {
      "Data": "06\/01\/2018",
      "Remuneração Basica Poupança": 0.3715,
      "Fator": 1.113261
    },
    {
      "Data": "07\/01\/2018",
      "Remuneração Basica Poupança": 0.3715,
      "Fator": 1.109546
    },
    {
      "Data": "08\/01\/2018",
      "Remuneração Basica Poupança": 0.3715,
      "Fator": 1.105831
    },
    {
      "Data": "09\/01\/2018",
      "Remuneração Basica Poupança": 0.3715,
      "Fator": 1.102116
    },
    {
      "Data": "10\/01\/2018",
      "Remuneração Basica Poupança": 0.3715,
      "Fator": 1.098401
    },
    {
      "Data": "11\/01\/2018",
      "Remuneração Basica Poupança": 0.3715,
      "Fator": 1.094686
    },
    {
      "Data": "12\/01\/2018",
      "Remuneração Basica Poupança": 0.3715,
      "Fator": 1.090971
    },
    {
      "Data": "01\/01\/2019",
      "Remuneração Basica Poupança": 0.3715,
      "Fator": 1.087256
    },
    {
      "Data": "02\/01\/2019",
      "Remuneração Basica Poupança": 0.3715,
      "Fator": 1.083541
    },
    {
      "Data": "03\/01\/2019",
      "Remuneração Basica Poupança": 0.3715,
      "Fator": 1.079826
    },
    {
      "Data": "04\/01\/2019",
      "Remuneração Basica Poupança": 0.3715,
      "Fator": 1.076111
    },
    {
      "Data": "05\/01\/2019",
      "Remuneração Basica Poupança": 0.3715,
      "Fator": 1.072396
    },
    {
      "Data": "06\/01\/2019",
      "Remuneração Basica Poupança": 0.3715,
      "Fator": 1.068681
    },
    {
      "Data": "07\/01\/2019",
      "Remuneração Basica Poupança": 0.3715,
      "Fator": 1.064966
    },
    {
      "Data": "08\/01\/2019",
      "Remuneração Basica Poupança": 0.3434,
      "Fator": 1.061251
    },
    {
      "Data": "09\/01\/2019",
      "Remuneração Basica Poupança": 0.3434,
      "Fator": 1.057817
    },
    {
      "Data": "10\/01\/2019",
      "Remuneração Basica Poupança": 0.3153,
      "Fator": 1.054383
    },
    {
      "Data": "11\/01\/2019",
      "Remuneração Basica Poupança": 0.2871,
      "Fator": 1.05123
    },
    {
      "Data": "12\/01\/2019",
      "Remuneração Basica Poupança": 0.2871,
      "Fator": 1.048359
    },
    {
      "Data": "01\/01\/2020",
      "Remuneração Basica Poupança": 0.2588,
      "Fator": 1.045488
    },
    {
      "Data": "02\/01\/2020",
      "Remuneração Basica Poupança": 0.2588,
      "Fator": 1.0429
    },
    {
      "Data": "03\/01\/2020",
      "Remuneração Basica Poupança": 0.2446,
      "Fator": 1.040312
    },
    {
      "Data": "04\/01\/2020",
      "Remuneração Basica Poupança": 0.2162,
      "Fator": 1.037866
    },
    {
      "Data": "05\/01\/2020",
      "Remuneração Basica Poupança": 0.2162,
      "Fator": 1.035704
    },
    {
      "Data": "06\/01\/2020",
      "Remuneração Basica Poupança": 0.1733,
      "Fator": 1.033542
    },
    {
      "Data": "07\/01\/2020",
      "Remuneração Basica Poupança": 0.1303,
      "Fator": 1.031809
    },
    {
      "Data": "08\/01\/2020",
      "Remuneração Basica Poupança": 0.1303,
      "Fator": 1.030506
    },
    {
      "Data": "09\/01\/2020",
      "Remuneração Basica Poupança": 0.1159,
      "Fator": 1.029203
    },
    {
      "Data": "10\/01\/2020",
      "Remuneração Basica Poupança": 0.1159,
      "Fator": 1.028044
    },
    {
      "Data": "11\/01\/2020",
      "Remuneração Basica Poupança": 0.1159,
      "Fator": 1.026885
    },
    {
      "Data": "12\/01\/2020",
      "Remuneração Basica Poupança": 0.1159,
      "Fator": 1.025726
    },
    {
      "Data": "01\/01\/2021",
      "Remuneração Basica Poupança": 0.1159,
      "Fator": 1.024567
    },
    {
      "Data": "02\/01\/2021",
      "Remuneração Basica Poupança": 0.1159,
      "Fator": 1.023408
    },
    {
      "Data": "03\/01\/2021",
      "Remuneração Basica Poupança": 0.1159,
      "Fator": 1.022249
    },
    {
      "Data": "04\/01\/2021",
      "Remuneração Basica Poupança": 0.159,
      "Fator": 1.02109
    },
    {
      "Data": "05\/01\/2021",
      "Remuneração Basica Poupança": 0.159,
      "Fator": 1.0195
    },
    {
      "Data": "06\/01\/2021",
      "Remuneração Basica Poupança": 0.2019,
      "Fator": 1.01791
    },
    {
      "Data": "07\/01\/2021",
      "Remuneração Basica Poupança": 0.2446,
      "Fator": 1.015891
    },
    {
      "Data": "08\/01\/2021",
      "Remuneração Basica Poupança": 0.2446,
      "Fator": 1.013445
    },
    {
      "Data": "09\/01\/2021",
      "Remuneração Basica Poupança": 0.3012,
      "Fator": 1.010999
    },
    {
      "Data": "10\/01\/2021",
      "Remuneração Basica Poupança": 0.3575,
      "Fator": 1.007987
    },
    {
      "Data": "11\/01\/2021",
      "Remuneração Basica Poupança": 0.4412,
      "Fator": 1.004412
    },
    {
      "Data": "12\/01\/2021",
      "Fator": 1
    }
  ],


  "Selic Acumulado JF": [
    {
      "Data": "01\/01\/2009"
    },
    {
      "Data": "02\/01\/2009"
    },
    {
      "Data": "03\/01\/2009"
    },
    {
      "Data": "04\/01\/2009"
    },
    {
      "Data": "05\/01\/2009"
    },
    {
      "Data": "06\/01\/2009"
    },
    {
      "Data": "07\/01\/2009"
    },
    {
      "Data": "08\/01\/2009"
    },
    {
      "Data": "09\/01\/2009"
    },
    {
      "Data": "10\/01\/2009"
    },
    {
      "Data": "11\/01\/2009"
    },
    {
      "Data": "12\/01\/2009",
      "Fator NT": 1.2964
    },
    {
      "Data": "01\/01\/2010",
      "Fator NT": 1.2891
    },
    {
      "Data": "02\/01\/2010",
      "Fator NT": 1.2825
    },
    {
      "Data": "03\/01\/2010",
      "Fator NT": 1.2766
    },
    {
      "Data": "04\/01\/2010",
      "Fator NT": 1.269
    },
    {
      "Data": "05\/01\/2010",
      "Fator NT": 1.2623
    },
    {
      "Data": "06\/01\/2010",
      "Fator NT": 1.2548
    },
    {
      "Data": "07\/01\/2010",
      "Fator NT": 1.2469
    },
    {
      "Data": "08\/01\/2010",
      "Fator NT": 1.2383
    },
    {
      "Data": "09\/01\/2010",
      "Fator NT": 1.2294
    },
    {
      "Data": "10\/01\/2010",
      "Fator NT": 1.2209
    },
    {
      "Data": "11\/01\/2010",
      "Fator NT": 1.2128
    },
    {
      "Data": "12\/01\/2010",
      "Fator NT": 1.2047
    },
    {
      "Data": "01\/01\/2011",
      "Fator NT": 1.1954
    },
    {
      "Data": "02\/01\/2011",
      "Fator NT": 1.1868
    },
    {
      "Data": "03\/01\/2011",
      "Fator NT": 1.1784
    },
    {
      "Data": "04\/01\/2011",
      "Fator NT": 1.1692
    },
    {
      "Data": "05\/01\/2011",
      "Fator NT": 1.1608
    },
    {
      "Data": "06\/01\/2011",
      "Fator NT": 1.1509
    },
    {
      "Data": "07\/01\/2011",
      "Fator NT": 1.1413
    },
    {
      "Data": "08\/01\/2011",
      "Fator NT": 1.1316
    },
    {
      "Data": "09\/01\/2011",
      "Fator NT": 1.1209
    },
    {
      "Data": "10\/01\/2011",
      "Fator NT": 1.1115
    },
    {
      "Data": "11\/01\/2011",
      "Fator NT": 1.1027
    },
    {
      "Data": "12\/01\/2011",
      "Fator NT": 1.0941
    },
    {
      "Data": "01\/01\/2012",
      "Fator NT": 1.085
    },
    {
      "Data": "02\/01\/2012",
      "Fator NT": 1.0761
    },
    {
      "Data": "03\/01\/2012",
      "Fator NT": 1.0686
    },
    {
      "Data": "04\/01\/2012",
      "Fator NT": 1.0604
    },
    {
      "Data": "05\/01\/2012",
      "Fator NT": 1.0533
    },
    {
      "Data": "06\/01\/2012",
      "Fator NT": 1.0459
    },
    {
      "Data": "07\/01\/2012",
      "Fator NT": 1.0395
    },
    {
      "Data": "08\/01\/2012",
      "Fator NT": 1.0327
    },
    {
      "Data": "09\/01\/2012",
      "Fator NT": 1.0258
    },
    {
      "Data": "10\/01\/2012",
      "Fator NT": 1.0204
    },
    {
      "Data": "11\/01\/2012",
      "Fator NT": 1.0143
    },
    {
      "Data": "12\/01\/2012",
      "Fator NT": 1.0088
    },
    {
      "Data": "01\/01\/2013",
      "Fator NT": 1.0033
    },
    {
      "Data": "02\/01\/2013",
      "Fator NT": 0.9973
    },
    {
      "Data": "03\/01\/2013",
      "Fator NT": 0.9924
    },
    {
      "Data": "04\/01\/2013",
      "Fator NT": 0.9869
    },
    {
      "Data": "05\/01\/2013",
      "Fator NT": 0.9808
    },
    {
      "Data": "06\/01\/2013",
      "Fator NT": 0.9748
    },
    {
      "Data": "07\/01\/2013",
      "Fator NT": 0.9687
    },
    {
      "Data": "08\/01\/2013",
      "Fator NT": 0.9615
    },
    {
      "Data": "09\/01\/2013",
      "Fator NT": 0.9544
    },
    {
      "Data": "10\/01\/2013",
      "Fator NT": 0.9473
    },
    {
      "Data": "11\/01\/2013",
      "Fator NT": 0.9392
    },
    {
      "Data": "12\/01\/2013",
      "Fator NT": 0.932
    },
    {
      "Data": "01\/01\/2014",
      "Fator NT": 0.9241
    },
    {
      "Data": "02\/01\/2014",
      "Fator NT": 0.9156
    },
    {
      "Data": "03\/01\/2014",
      "Fator NT": 0.9077
    },
    {
      "Data": "04\/01\/2014",
      "Fator NT": 0.9
    },
    {
      "Data": "05\/01\/2014",
      "Fator NT": 0.8918
    },
    {
      "Data": "06\/01\/2014",
      "Fator NT": 0.8831
    },
    {
      "Data": "07\/01\/2014",
      "Fator NT": 0.8749
    },
    {
      "Data": "08\/01\/2014",
      "Fator NT": 0.8654
    },
    {
      "Data": "09\/01\/2014",
      "Fator NT": 0.8567
    },
    {
      "Data": "10\/01\/2014",
      "Fator NT": 0.8476
    },
    {
      "Data": "11\/01\/2014",
      "Fator NT": 0.8381
    },
    {
      "Data": "12\/01\/2014",
      "Fator NT": 0.8297
    },
    {
      "Data": "01\/01\/2015",
      "Fator NT": 0.8201
    },
    {
      "Data": "02\/01\/2015",
      "Fator NT": 0.8107
    },
    {
      "Data": "03\/01\/2015",
      "Fator NT": 0.8025
    },
    {
      "Data": "04\/01\/2015",
      "Fator NT": 0.7921
    },
    {
      "Data": "05\/01\/2015",
      "Fator NT": 0.7826
    },
    {
      "Data": "06\/01\/2015",
      "Fator NT": 0.7727
    },
    {
      "Data": "07\/01\/2015",
      "Fator NT": 0.762
    },
    {
      "Data": "08\/01\/2015",
      "Fator NT": 0.7502
    },
    {
      "Data": "09\/01\/2015",
      "Fator NT": 0.7391
    },
    {
      "Data": "10\/01\/2015",
      "Fator NT": 0.728
    },
    {
      "Data": "11\/01\/2015",
      "Fator NT": 0.7169
    },
    {
      "Data": "12\/01\/2015",
      "Fator NT": 0.7063
    },
    {
      "Data": "01\/01\/2016",
      "Fator NT": 0.6947
    },
    {
      "Data": "02\/01\/2016",
      "Fator NT": 0.6841
    },
    {
      "Data": "03\/01\/2016",
      "Fator NT": 0.6741
    },
    {
      "Data": "04\/01\/2016",
      "Fator NT": 0.6625
    },
    {
      "Data": "05\/01\/2016",
      "Fator NT": 0.6519
    },
    {
      "Data": "06\/01\/2016",
      "Fator NT": 0.6408
    },
    {
      "Data": "07\/01\/2016",
      "Fator NT": 0.6292
    },
    {
      "Data": "08\/01\/2016",
      "Fator NT": 0.6181
    },
    {
      "Data": "09\/01\/2016",
      "Fator NT": 0.6059
    },
    {
      "Data": "10\/01\/2016",
      "Fator NT": 0.5948
    },
    {
      "Data": "11\/01\/2016",
      "Fator NT": 0.5843
    },
    {
      "Data": "12\/01\/2016",
      "Fator NT": 0.5739
    },
    {
      "Data": "01\/01\/2017",
      "Fator NT": 0.5627
    },
    {
      "Data": "02\/01\/2017",
      "Fator NT": 0.5518
    },
    {
      "Data": "03\/01\/2017",
      "Fator NT": 0.5431
    },
    {
      "Data": "04\/01\/2017",
      "Fator NT": 0.5326
    },
    {
      "Data": "05\/01\/2017",
      "Fator NT": 0.5247
    },
    {
      "Data": "06\/01\/2017",
      "Fator NT": 0.5154
    },
    {
      "Data": "07\/01\/2017",
      "Fator NT": 0.5073
    },
    {
      "Data": "08\/01\/2017",
      "Fator NT": 0.4993
    },
    {
      "Data": "09\/01\/2017",
      "Fator NT": 0.4913
    },
    {
      "Data": "10\/01\/2017",
      "Fator NT": 0.4849
    },
    {
      "Data": "11\/01\/2017",
      "Fator NT": 0.4785
    },
    {
      "Data": "12\/01\/2017",
      "Fator NT": 0.4728
    },
    {
      "Data": "01\/01\/2018",
      "Fator NT": 0.4674
    },
    {
      "Data": "02\/01\/2018",
      "Fator NT": 0.4616
    },
    {
      "Data": "03\/01\/2018",
      "Fator NT": 0.4569
    },
    {
      "Data": "04\/01\/2018",
      "Fator NT": 0.4516
    },
    {
      "Data": "05\/01\/2018",
      "Fator NT": 0.4464
    },
    {
      "Data": "06\/01\/2018",
      "Fator NT": 0.4412
    },
    {
      "Data": "07\/01\/2018",
      "Fator NT": 0.436
    },
    {
      "Data": "08\/01\/2018",
      "Fator NT": 0.4306
    },
    {
      "Data": "09\/01\/2018",
      "Fator NT": 0.4249
    },
    {
      "Data": "10\/01\/2018",
      "Fator NT": 0.4202
    },
    {
      "Data": "11\/01\/2018",
      "Fator NT": 0.4148
    },
    {
      "Data": "12\/01\/2018",
      "Fator NT": 0.4099
    },
    {
      "Data": "01\/01\/2019",
      "Fator NT": 0.405
    },
    {
      "Data": "02\/01\/2019",
      "Fator NT": 0.3996
    },
    {
      "Data": "03\/01\/2019",
      "Fator NT": 0.3947
    },
    {
      "Data": "04\/01\/2019",
      "Fator NT": 0.39
    },
    {
      "Data": "05\/01\/2019",
      "Fator NT": 0.3848
    },
    {
      "Data": "06\/01\/2019",
      "Fator NT": 0.3794
    },
    {
      "Data": "07\/01\/2019",
      "Fator NT": 0.3747
    },
    {
      "Data": "08\/01\/2019",
      "Fator NT": 0.369
    },
    {
      "Data": "09\/01\/2019",
      "Fator NT": 0.364
    },
    {
      "Data": "10\/01\/2019",
      "Fator NT": 0.3594
    },
    {
      "Data": "11\/01\/2019",
      "Fator NT": 0.3546
    },
    {
      "Data": "12\/01\/2019",
      "Fator NT": 0.3508
    },
    {
      "Data": "01\/01\/2020",
      "Fator NT": 0.3471
    },
    {
      "Data": "02\/01\/2020",
      "Fator NT": 0.3433
    },
    {
      "Data": "03\/01\/2020",
      "Fator NT": 0.3404
    },
    {
      "Data": "04\/01\/2020",
      "Fator NT": 0.337
    },
    {
      "Data": "05\/01\/2020",
      "Fator NT": 0.3342
    },
    {
      "Data": "06\/01\/2020",
      "Fator NT": 0.3318
    },
    {
      "Data": "07\/01\/2020",
      "Fator NT": 0.3297
    },
    {
      "Data": "08\/01\/2020",
      "Fator NT": 0.3278
    },
    {
      "Data": "09\/01\/2020",
      "Fator NT": 0.3262
    },
    {
      "Data": "10\/01\/2020",
      "Fator NT": 0.3246
    },
    {
      "Data": "11\/01\/2020",
      "Fator NT": 0.323
    },
    {
      "Data": "12\/01\/2020",
      "Fator NT": 0.3215
    },
    {
      "Data": "01\/01\/2021",
      "Fator NT": 0.3199
    },
    {
      "Data": "02\/01\/2021",
      "Fator NT": 0.3184
    },
    {
      "Data": "03\/01\/2021",
      "Fator NT": 0.3171
    },
    {
      "Data": "04\/01\/2021",
      "Fator NT": 0.3151
    },
    {
      "Data": "05\/01\/2021",
      "Fator NT": 0.313
    },
    {
      "Data": "06\/01\/2021",
      "Fator NT": 0.3103
    },
    {
      "Data": "07\/01\/2021",
      "Fator NT": 0.3072
    },
    {
      "Data": "08\/01\/2021",
      "Fator NT": 0.3036
    },
    {
      "Data": "09\/01\/2021",
      "Fator NT": 0.2993
    },
    {
      "Data": "10\/01\/2021",
      "Fator NT": 0.2949
    },
    {
      "Data": "11\/01\/2021",
      "Fator NT": 0.29
    },
    {
      "Data": "12\/01\/2021",
      "Fator NT": 0.2841
    },
    {
      "Data": "01\/01\/2022",
      "Fator NT": 0.2764
    },
    {
      "Data": "02\/01\/2022",
      "Fator NT": 0.2691
    },
    {
      "Data": "03\/01\/2022",
      "Fator NT": 0.2615
    },
    {
      "Data": "04\/01\/2022",
      "Fator NT": 0.2522
    },
    {
      "Data": "05\/01\/2022",
      "Fator NT": 0.2439
    },
    {
      "Data": "06\/01\/2022",
      "Fator NT": 0.2336
    },
    {
      "Data": "07\/01\/2022",
      "Fator NT": 0.2234
    },
    {
      "Data": "08\/01\/2022",
      "Fator NT": 0.2131
    },
    {
      "Data": "09\/01\/2022",
      "Fator NT": 0.2014
    },
    {
      "Data": "10\/01\/2022",
      "Fator NT": 0.1907
    },
    {
      "Data": "11\/01\/2022",
      "Fator NT": 0.1805
    },
    {
      "Data": "12\/01\/2022",
      "Fator NT": 0.1703
    },
    {
      "Data": "01\/01\/2023",
      "Fator NT": 0.1591
    },
    {
      "Data": "02\/01\/2023",
      "Fator NT": 0.1479
    },
    {
      "Data": "03\/01\/2023",
      "Fator NT": 0.1387
    },
    {
      "Data": "04\/01\/2023",
      "Fator NT": 0.127
    },
    {
      "Data": "05\/01\/2023",
      "Fator NT": 0.1178
    },
    {
      "Data": "06\/01\/2023",
      "Fator NT": 0.1066
    },
    {
      "Data": "07\/01\/2023",
      "Fator NT": 0.0959
    },
    {
      "Data": "08\/01\/2023",
      "Fator NT": 0.0852
    },
    {
      "Data": "09\/01\/2023",
      "Fator NT": 0.0738
    },
    {
      "Data": "10\/01\/2023",
      "Fator NT": 0.0641
    },
    {
      "Data": "11\/01\/2023",
      "Fator NT": 0.0541
    },
    {
      "Data": "12\/01\/2023",
      "Fator NT": 0.0449
    },
    {
      "Data": "01\/01\/2024",
      "Fator NT": 0.036
    },
    {
      "Data": "02\/01\/2024",
      "Fator NT": 0.0263
    },
    {
      "Data": "03\/01\/2024",
      "Fator NT": 0.0183
    },
    {
      "Data": "04\/01\/2024",
      "Fator NT": 0.01
    },
    {
      "Data": "05\/01\/2024"
    },
    {
      "Data": "06\/01\/2024"
    },
    {
      "Data": "07\/01\/2024"
    },
    {
      "Data": "08\/01\/2024"
    },
    {
      "Data": "09\/01\/2024"
    },
    {
      "Data": "10\/01\/2024"
    },
    {
      "Data": "11\/01\/2024"
    },
    {
      "Data": "12\/01\/2024"
    }
  ]
}